DROP DATABASE IF EXISTS library_15;
DROP USER IF EXISTS postgres;
CREATE USER postgres WITH PASSWORD 'himitu';
CREATE DATABASE library_15 OWNER postgres ENCODING 'UTF8';
\c library_15

DROP TABLE IF EXISTS adminlist;
CREATE TABLE adminlist (
    staff_id INTEGER PRIMARY KEY,
    staff_name TEXT, 
    staff_password TEXT
    );
    


INSERT INTO adminlist VALUES(1, '僕儍儞', '1111' );
INSERT INTO adminlist VALUES(2, '暯', '2222' );
INSERT INTO adminlist VALUES(3, '崅', '3333' );
INSERT INTO adminlist VALUES(4, '僫儉', '4444' );
INSERT INTO adminlist VALUES(5, '庒徏', '5555' );


DROP TABLE IF EXISTS cataloglist;
CREATE TABLE cataloglist (
    isbn TEXT PRIMARY KEY,
    title TEXT, 
    category_code INTEGER,
    author TEXT,
    publisher TEXT,
    publish_date DATE
);
INSERT INTO cataloglist VALUES('4163918272','僙儞僗偺揘妛',1,'愮梩 夒栫','暥錣弔廐',DATE '20240405');
INSERT INTO cataloglist VALUES('9784101373713', '僀僠儘乕偺棳媀', 0, '彫惣宑嶰乛挊', '怴挭幮', DATE'20260401');
INSERT INTO cataloglist VALUES('9784480081377', '懚嵼偲帪娫 忋', 1, 'Heidegger,Martin乛挊 嵶扟掑梇乛東栿 僴僀僨僢僈乕儅儖僥傿儞乛挊', '拀杸彂朳', DATE'19940601');
INSERT INTO cataloglist VALUES('9784532176204', '帺夡偺昦棟 擔杮棨孯偺慻怐暘愅', 2, '屗晹椙堦乛挊', '擔杮宱嵪怴暦弌斉幮', DATE'20170427');
INSERT INTO cataloglist VALUES('9784106038280', '宱嵪妛幰偨偪偺擔暷奐愴', 1, '杚栰朚徍乛挊', '怴挭幮', DATE'2018-05-25');
INSERT INTO cataloglist VALUES('9784844607656', '抦傞傎偳妝偟偄姍憅帪戙', 2, '拞惣棫懢乛挊 懡夑忳帯乛挊', '棟岺恾彂', DATE'20110101');
INSERT INTO cataloglist VALUES('9784000613156', '幮夛壢妛偲場壥暘愅', 3, '嵅摗弐庽乛挊', '娾攇彂揦', '20190130');
INSERT INTO cataloglist VALUES('9784766425659', '惂搙偲偼壗偐', 3, '僼儔儞僠僃僗僐丒僌傽儔乛挊 戨郪峅榓乛挊 悈栰岶擵乛東栿', '宑滀媊弇戝妛弌斉夛', DATE'20181113');
INSERT INTO cataloglist VALUES('9784595315848', '帺慠壢妛偼偠傔偺堦曕', 4, '戝怷憦堦乛挊 娸崻弴堦榊乛挊', '曻憲戝妛嫵堢怳嫽夛 : NHK弌斉', DATE'20150301');
INSERT INTO cataloglist VALUES('9784130420679', '婎慴摑寁妛 3 (帺慠壢妛偺摑寁妛)', 4, '搶嫗戝妛乛挊 搶嫗戝妛嫵梴妛晹摑寁妛嫵幒乛挊', '搶嫗戝妛弌斉夛', DATE'19920801');
INSERT INTO cataloglist VALUES('9784860645274', '乽暔棟丒壔妛乿偺扨埵丒婰崋偑傑偲傔偰傢偐傞帠揟', 4, '釼摗彑桾乛挊', '儀儗弌斉', DATE'20171023');
INSERT INTO cataloglist VALUES('9784822255923', '擔宱僥僋僲儘僕乕揥朷2019 悽奅傪偮側偖 100偺媄弍', 5, '擔宱BP幮乛挊', '擔宱俛俹', DATE'20181026');
INSERT INTO cataloglist VALUES('9784774142043', 'Web傪巟偊傞媄弍 : HTTP丄URI丄HTML丄偦偟偰REST', 5, '嶳杮梲暯乛挊', '媄弍昡榑幮', DATE'20260501');
INSERT INTO cataloglist VALUES('9784806530008', '怴嶻嬈峔憿價僕儑儞丂堦恖傂偲傝偺丄悽奅偺壽戣傪夝寛偡傞擔杮偺枹棃', 6, '宱嵪嶻嬈徣宱嵪嶻嬈惌嶔嬊嶻嬈嵞惗壽乛曇廤', '宱嵪嶻嬈挷嵏夛', DATE'20170912');
INSERT INTO cataloglist VALUES('9784532321116', '戞巐師嶻嬈妚柦', 6, '僋儔僂僗丒僔儏儚僽乛挊 悽奅宱嵪僼僅乕儔儉乛東栿', '擔杮宱嵪怴暦弌斉幮', DATE'20161018');
INSERT INTO cataloglist VALUES('9784295402008', '僥僋僲儘僕乕偑偡傋偰傪揾傝曄偊傞嶻嬈抧恾', 6, '愹揷椙曘乛挊', '僋儘僗儊僨傿傾丒僷僽儕僢僔儞僌;僀儞僾儗僗(敪攧)', DATE'20180701');
INSERT INTO cataloglist VALUES('9784772695336', '尵岅偑堘偊偽丄悽奅傕堘偭偰尒偊傞傢偗', 7, 'Deutscher,Guy乛挊 柛揷捈巕乛東栿 僪僀僢僠儍乕僈僀乛挊', '僀儞僞乕僔僼僩 : 崌摨弌斉', DATE'20121201');
INSERT INTO cataloglist VALUES('9784409100400', '傾乕僩偲偼壗偐 寍弍偺懚嵼榑偲栚揑榑', 8, '傾乕僒乕丒俠丒僟儞僩乕乛挊 嵅摗堦恑乛挊', '恖暥彂堾', DATE'20181128',);
INSERT INTO cataloglist VALUES('9784416718025', '暥妛棟榑島媊 怴偟偄僗僞儞僟乕僪', 9, '僺乕僞乕丒僶儕乕乛挊 崅嫶榓媣乛娔廋', '儈僱儖償傽彂朳', DATE'20250501');


DROP TABLE IF EXISTS categorylist;
CREATE TABLE categorylist(
  category_code SERIAL PRIMARY KEY,
  category_name TEXT
);

INSERT INTO categorylist VALUES(0,'憤婰');
INSERT INTO categorylist VALUES(1,'揘妛');
INSERT INTO categorylist VALUES(2,'楌巎');
INSERT INTO categorylist VALUES(3,'幮夛壢妛');
INSERT INTO categorylist VALUES(4,'帺慠壢妛');
INSERT INTO categorylist VALUES(5,'媄弍');
INSERT INTO categorylist VALUES(6,'嶻嬈');
INSERT INTO categorylist VALUES(7,'寍弍');
INSERT INTO categorylist VALUES(8,'尵岅');
INSERT INTO categorylist VALUES(9,'暥妛');


DROP TABLE IF EXISTS memberlist;
CREATE TABLE memberlist(
  member_id SERIAL PRIMARY KEY,
  member_name TEXT,
  member_address TEXT,
  member_tel TEXT,
  member_mail TEXT,
  member_birth DATE,
  member_registdate DATE,
  member_canceldate DATE
);


INSERT INTO memberlist VALUES(1,'嶳揷懢榊','仹111-1111搶嫗','000-000-000','a@example.com',DATE '19990102',DATE '2010101',DATE '20131121');
INSERT INTO memberlist VALUES(2,'揷拞堦榊','仹111-1112搶嫗','000-000-111','b@example.com',DATE '20000104',DATE '2012101',DATE '20131202');
INSERT INTO memberlist VALUES(3,'嶳杮師榊','仹111-1113搶嫗','000-000-222','c@example.com',DATE '20010202',DATE '2014101',DATE '20190911');

ALTER TABLE categorylist OWNER TO postgres;
ALTER TABLE memberlist OWNER TO postgres;
ALTER TABLE adminlist OWNER TO postgres;
ALTER TABLE cataloglist OWNER TO postgres;

DROP TABLE IF EXISTS rentlist;
CREATE TABLE rentlist
(
  rent_id SERIAL PRIMARY KEY,
  member_id INTEGER,
  book_id INTEGER,
  rent_date DATE,
  return_deadline DATE,
  return_date DATE,
  remarks TEXT
);

INSERT INTO rentlist VALUES(1,1, 100, DATE '20040322', DATE '20260617',null,null);
INSERT INTO rentlist VALUES(2,2, 110, DATE '20040422', DATE '20260627',null,null);
INSERT INTO rentlist VALUES(3,3, 120, DATE '20040522', DATE '20260614',null,null);


DROP TABLE IF EXISTS stocklist;
CREATE TABLE stocklist
(
  book_id SERIAL PRIMARY KEY,
  isbn TEXT,
  arrival_date DATE,
  discard_date DATE,
  remarks TEXT
);






INSERT INTO stocklist VALUES(1, '732189',DATE '20260617',null,null);
INSERT INTO stocklist VALUES(2, '479811',DATE '20260617',null,null);
INSERT INTO stocklist VALUES(3, '579831',DATE '20260617',null,null);

ALTER TABLE rentlist OWNER TO postgres;
ALTER TABLE stocklist OWNER TO postgres;

DROP TABLE t1;